{
    "CameraOffset": [
        {
            "rotation": [
                1.149999976158142,
                0.0,
                0.0
            ]
        },
        {
            "translation": [
                0.0,
                41.380001068115234,
                -18.469999313354492
            ]
        },
        {
            "sab_translation": [
                0.0,
                6.119999885559082,
                -8.119999885559082
            ]
        }
    ]
}
