{
    "CameraOffset": [
        {
            "rotation": [
                1.149999976158142,
                0.0,
                0.0
            ]
        },
        {
            "translation": [
                0.0,
                34.7599983215332,
                -15.399999618530273
            ]
        },
        {
            "sab_translation": [
                0.0,
                6.119999885559082,
                -8.119999885559082
            ]
        }
    ]
}
